,City,Location,Job_Title,Company,Salary,Description
0,Austin,"Austin, TX",Senior Machine Learning Data Scientist,All-In Analytics,150000.0,"Machine Learning Data Scientist. Forecasting, Statistical Modeling, building new data driven products. Sr...."
1,Austin,"Austin, TX 78701 (Downtown area)",JIRA Business System Analyst,JE Compliance,50000.0,"Ability to interact with many different types of individuals, including executives, scientists, engineers, and other business professionals...."
2,Austin,"Austin, TX",Machine Learning Engineer,Volt Workforce Solutions,135000.0,"Data mining competition experience preferred (Kaggle, KDDCUP, etc). Experience with large datasets, distributed systems, and/or data visualization is a...."
3,Austin,"Austin, TX",Sr. .Net Developer,Interactive Resources LLC,130000.0,"We are looking for a collaborative, self-starting, hungry Software Engineer to join our team of engineers, data scientists, and designers to deliver the next..."
4,Austin,"Austin, TX",Senior Software Engineer/Team Lead,XOR Data Exchange,90000.0,"XOR is leading a data revolution by giving transparency, accountability and control back to data owners. Our technical team consists of fast-paced, inventive..."
5,Austin,"Austin, TX",LCMS Certifying Scientist,Lighthouse Recruiting,70000.0,"Join our Medical Laboratory Scientists Groups:. Reviews drug confirmation data from the laboratory, compares with the initial screening data for accuracy and..."
6,Chicago,"Chicago, IL","Senior Data Scientist (H20, Python, and R)",Workbridge Associates,132500.0,A major Marketing company based in downtown Chicago are looking for a Senior-level Data Scientist to join their growing Data Science team....
7,Chicago,"Chicago, IL",Data Scientist -Fitness/Wellness Firm,Hirewell,120000.0,Bring structure to large quantities of data - turn unstructured data into structured data. Data Extraction Tools:....
8,Chicago,"Chicago, IL",Data Scientist – Big Data/Artificial Intelligence,Selby Jennings,150000.0,"Data Scientist – Big Data/Artificial Intelligence. Build data pipelines using big data technologies like Hadoop, Spark, etc...."
9,Chicago,"Chicago, IL",Data Scientist,Workbridge Associates,95000.0,Big data with Hadoop is a plus. A well-respected healthcare corporation that spun off of a major hospital and university is hiring for a Mid-Level Data...
10,Chicago,"Chicago, IL",Machine Learning Engineer,Jobspring Partners,110000.0,We’ve just received our second round of funding and are excited to put it to good use by bringing on some smart and talented Data Scientists....
11,Chicago,"Chicago, IL",Quantitative Research Analyst,GinasTechJobs.com,180000.0,Define and implement data collection and data acquisition methods. Experience with big data or with automated trading is a plus. Quantitative Research Analyst....
12,Chicago,"Chicago, IL",Senior Environmental Soil Scientist,Metropolitan Water Reclamation District of Greater...,115185.5,"Collection, analysis, interpretation and presentation of statistical data; Under professional supervision supervises technical and clerical staff in..."
13,Chicago,"Chicago, IL",Data Scientist (Healthcare Data),Workbridge Associates,110000.0,"Ability to work with unstructured healthcare data. A leading provider of healthcare analytics for hospitals, health systems and physicians is looking to grow..."
14,Chicago,"Chicago, IL",Statistical Modeler,Smith Hanley Associates,82500.0,"-Conduct data mining studies. -Business experience using IRI, Nielsen data. -Ability to work with large and complex data sets...."
16,Chicago,"Chicago, IL",Quantitative Risk Analyst,Huxley Banking & Financial Services,110000.0,"My Client, a leading Global Financial Institution is looking to hire a Quantitative Risk Analyst to join their team. The Quantitative Risk Analyst will be"
18,Chicago,"Chicago, IL",Lead Data Scientist,Analytic Recruiting,140000.0,Take analytical objectives and define data requirements. Analytics Firm seeking a Data Scientist to consult to clients and implement advanced statistical and...
19,Chicago,"Chicago, IL",Market Research Analyst - (Quantitative Research Focus),Creative Circle,70000.0,"Perform quality control checks of survey websites & data. Working closely with the Market Research Director, you will help carry out quantitative research by..."
20,Chicago,"Chicago, IL",Supervising Environmental Soil Scientist,Metropolitan Water Reclamation District of Greater...,128016.0,"Collection, analysis, interpretation and presentation of statistical data; Under direction, manages the activities of the Land Reclamation Soil Science Section...."
21,Chicago,"Chicago, IL",Statistical Analyst -- Health-7444 - 7444,S.C. International,80000.0,Extremely successful consulting practice has an immediate need for a Statistical Analyst. Our client is an industry leader in consulting to the healthcare
22,Chicago,"Chicago, IL",Research Analyst,InsightsNow Inc.,50000.0,Must have previous experience using Confirmit or other similar survey programming and data collection platforms....
23,Evanston,"Evanston, IL",Statistical Analyst,Smith Hanley Associates,67500.0,Present data findings to management and senior leadership. 2 to 3 years of statistical and data analysis work experience required....
24,Chicago,"Chicago, IL",Data Scientist,Jobspring Partners,115000.0,"As a Data Scientist with this company, you will be working on a team that’s looking at advancing and building on the existing data analytics effort...."
25,Chicago,"Chicago, IL",Software Scientist,Jobspring Partners,85000.0,This mid-sized start needs help building out their product data platform on the backend using Java. New role with a new company....
26,Chicago,"Chicago, IL",Food Scientist MS or PhD - Meat Products,Food Management Search,85000.0,"Data, drawing conclusions, documenting,. A technical leadership role providing direction...."
27,Chicago,"Chicago, IL",Software Scientist- Python,Jobspring Partners,87500.0,"If you’re a software engineer who’s interested in Data Science, petabytes of data, and researching deadly diseases, not only are you really smart, but you’d fit..."
28,Chicago,"Chicago, IL",Academic Python Developer,Jobspring Partners,87500.0,Is genomic data something that fascinates and intrigues you? Experience with Genomic data or biological sciences is ideal but not required....
29,Chicago,"Chicago, IL",Statistical Research Scientist,Smith Hanley Associates,82500.0,"Statistical Research Scientist. Provide forecasting of future trends, predictive modeling, sampling, and data estimation...."
30,Des Plaines,"Des Plaines, IL",Senior Data Scientist,Workbridge Associates,155000.0,An established and industry leading company in the transportation and logistics space is looking for a Senior Data Scientist....
31,Chicago,"Chicago, IL",Natural Language Processing Scientist,Workbridge Associates,145000.0,Hiring for a Senior Data Scientist with a strong Natural Language Processing background for a major healthcare corporation that is building out a new data...
32,Chicago,"Chicago, IL",Manager / Director of Predictive Modeling,Analytic Recruiting,115000.0,"Crafting the methodology, to data modeling using tools like SAS, R, SPSS, Python, and ultimately delivering final insightful recommendations...."
33,Chicago,"Chicago, IL 60601 (Loop area)",Research Analyst,The LaSalle Network,90000.0,LaSalle Network has partnered with the most reputable investment management consulting firm located in downtown Chicago looking for a Research Analyst . This
34,Chicago,"Chicago, IL",Python Scientist,Jobspring Partners,85000.0,"If you’re a software engineer who’s interested in Data Science and researching deadly diseases, not only are you really smart, but you’d fit in perfectly with..."
35,Chicago,"Chicago, IL",Director of Data Science,Workbridge Associates,200000.0,"Big Data with Hadoop, Hive, Impala. Mid, Senior, Lead, Data, Scientist, Machine, Learning, Predictive, Analytics, Engineer, Developer, Python, R, Hadoop, Hive,..."
37,Chicago,"Chicago, IL",Quality Engineer (Big Data),Jobspring Partners,87500.0,Brand new product that is used globally by the top scientists and doctors. This product is making strides in medical genomic research that will organize and...
38,Chicago,"Chicago, IL",Middleware Python Tester (SDET/ DevOps),Jobspring Partners,87500.0,Brand new product that is used globally by the top scientists and doctors. This product is making strides in medical genomic research that will organize and...
39,Chicago,"Chicago, IL 60642 (Portage Park area)",Senior Ruby on Rails Developer,NCSA Sports,150000.0,"Design, build and maintain reliable Ruby code within an existing Rails applicationSplit out small, well-defined services in smart and secure waysMentor other..."
40,San Francisco,"San Francisco, CA",Data Scientist,Workbridge Associates,125000.0,"MS in similar program with 2+ years of experience in Data Scientist or Software Engineer role. Top startup in fashion, online retail, and personal styling has..."
41,Oakland,"Oakland, CA",Data scientist,Even,34142.0,"Collaborate with our engineers on our internal APIs to ensure you spend less time fixing the way you get data, and more time understanding the data...."
43,San Francisco,"San Francisco, CA",Principal Data Scientist,Workbridge Associates,180000.0,A San Francisco-based agriculture software company is hiring for a Principal Data Scientist to help lead a team....
44,San Francisco,"San Francisco, CA 94104 (Financial District area)",Data Scientist,kWh Analytics,120000.0,Experience in weather data is a strong plus. A track record of spotting relevant trends in noisy data sets. Pivoting quickly from one data analysis project to...
45,San Francisco,"San Francisco, CA",Machine Learning Engineer,Workbridge Associates,135000.0,This person will be working alongside the Data Architect which is building back end and data ingestion pipelines....
46,San Francisco,"San Francisco, CA",Data Scientist / Bioinformatics (co-founder),Medlytic,110000.0,"We are looking for a data scientist who sees waste and unlocked value in EMR data, and is passionate about breaking down these barriers to improve healthcare...."
47,San Francisco,"San Francisco, CA",Senior Data Scientist,Workbridge Associates,170000.0,A leading technology company is looking for Data Scientists to join their Engineering team to help transform data into insights....
48,Brisbane,"Brisbane, CA",Data Scientist (Machine Learning),Corporate Labs Technology,145000.0,"Machine Learning Developer Brisbane, CA Sign on bonus Stocks! Up to 10% bonuses $110-180k depending on experience Fast growing social media company is"
49,Walnut Creek,"Walnut Creek, CA",Business Analyst / Junior Data Scientist,NelsonJobs,100000.0,"Business Analyst / Junior Data Scientist. Familiar with data visualization and communication. Our healthcare software client in Walnut Creek, CA is looking for..."
50,Redwood City,"Redwood City, CA",Data Scientist,Jobspring Partners,140000.0,"A well-known established company is looking for a Data Scientist and is willing to pay up to $150,000. You will be part of the growth team, and will have..."
51,San Francisco,"San Francisco, CA",Senior Software Engineer - Python - Machine Learning,HERO.jobs,200000.0,Integrate data storage solutions (both relational and noSQL). Able to integrate multiple data sources and databases into one system....
52,Berkeley,"Berkeley, CA",Assistant/Associate Project Scientist - Berkeley Seismologic...,University of California Berkeley,62850.0,(f) integrating EEW information and activities into the data collection and real-time processing that contribute to the BSL's regular earthquake information and...
53,San Francisco,"San Francisco, CA",Lead Data Scientist (Life Sciences),Workbridge Associates,165000.0,A leading technology company is looking for Data Scientists to join their Engineering team to help transform data into insights....
54,San Francisco,"San Francisco, CA",Senior Data Analyst,Workbridge Associates,115000.0,"This person will be working alongside one other Data Engineer, one Data Scientist, and the Head of Data Analytics for this product team...."
55,San Francisco,"San Francisco, CA",Save lives as a software engineer,Blue Owl,250000.0,"Experience working closely with data scientists. Created geospatial services before, such as maps data, routing and travel time prediction algorithms, traffic..."
56,San Francisco,"San Francisco, CA",Machine Learning/Data Engineer,Jobspring Partners,165000.0,"As a Data Engineer, you will act as the bridge from machine learning/data science to data engineering. 3+ years’ experience with Big Data technologies like..."
57,San Francisco,"San Francisco, CA",Frontend/Data Visualization Developer,Jobspring Partners,145000.0,Working with the top Data Scientist Team in the country. This Frontend Developer will be working directly with some of the top Data Scientists in the country on...
58,San Francisco,"San Francisco, CA",Data Scientist (Personalization),Workbridge Associates,145000.0,"This startup has received close to $20M in funding, and this is a ground floor opportunity to apply industry data science experience and develop something from..."
59,Brisbane,"Brisbane, CA",Data Scientist (Natural Language Processing),Corporate Labs Technology,145000.0,"Natural Language Processing Brisbane, CA Sign on bonus Stocks! Up to 10% bonuses $110-180k depending on experience Fast growing social media company is"
60,Berkeley,"Berkeley, CA",Senior Natural Language Processing Data Scientist,Workbridge Associates,145000.0,An East Bay-based data science startup in healthcare is looking to bring on a Natural Language Processing Data Scientists....
61,Berkeley,"Berkeley, CA 94720",UC Berkeley - BACEM Computer Support Analyst,Lawrence Berkeley National Laboratory,76250.0,"QB3 scientists make. Innovative/automated approaches for data collection, storage and backup. Support the BACEM users running scope operation and data...."
62,Redwood City,"Redwood City, CA",Senior Data Scientist - Security Experience is Huge,Elevate Recruiting Group,170000.0,"Through the Our Clients pivotal world-view in the security domain, the Data Scientist will make large-scale and world-shaping impact across diverse sectors..."
63,San Francisco,"San Francisco, CA",Senior Data Scientist (NLP),Workbridge Associates,160000.0,A text mining and big data startup is looking to bring on a Senior Data Scientist. The rapidly growing company is using NLP techniques to gather data from the...
64,Emeryville,"Emeryville, CA",Analytical Chemist,Nano Precision Medical,114000.0,"Experience with large amounts of analytical data and automated data processing tools. We are looking for a hands-on, experienced scientist with a background in..."
65,San Mateo,"San Mateo, CA",Data Engineer - Hadoop,Workbridge Associates,117500.0,Well-established company founded by top scientists has an open job for a Hadoop Data Engineer in San Mateo....
66,San Francisco,"San Francisco, CA",FrontEnd Developer,Jobspring Partners,145000.0,Working with the top Data Scientist Team in the country. This Frontend Developer will be working directly with some of the top Data Scientists in the country on...
67,Belmont,"Belmont, CA",Principal Data Scientist160000,Workbridge Associates,140000.0,"Currently, they are looking to add a Senior Data Scientist to their team that has good experience working with machine-learning technologies, and other big-data..."
68,San Francisco,"San Francisco, CA",Data Science (Human Computation),Workbridge Associates,160000.0,A leading San Francisco consumer web and personalized shopping company is looking to add a Data Scientist to their Human Computation team....
69,San Francisco,"San Francisco, CA",Lead Data Scientist,Workbridge Associates,145000.0,A leading healthcare startup is looking to bring on a Senior Data Scientist to their team. Knowledgeable with Big Data Solutions such as Hadoop or Spark....
70,Cambridge,"Cambridge, MA",Data Scientist,Strategic Employment Partners,112500.0,"Located in the Greater Boston area is looking for a sharp Data Scientist to add. Professional experience with data mining,...."
71,Boston,"Boston, MA 02115 (Fenway-Kenmore area)",Research Scientist,Northeastern University,60000.0,"Want to develop and apply algorithms for data analysis, machine learning and statistical inference. We are looking for researchers who enjoy working on..."
72,Boston,"Boston, MA 02116 (South End area)",Data Scientist,Jobspring Partners,135000.0,"A software start up located in downtown Boston, is looking for a Senior Data Scientist. They are looking to add an experienced Data Scientist to help add..."
73,Boston,"Boston, MA",Research Analyst I,Commonwealth of Massachusetts,57786.0,"Compile data from source documents and convert to acceptable format via data entry, optical scanner and data software programs...."
74,Boston,"Boston, MA 02116 (South End area)",Senior Data Scientist,Jobspring Partners,150000.0,Senior Data Scientist Job Description. Looking for a Senior Data Scientist willing to pay up to $150K. Experience with data analytics....
75,Cambridge,"Cambridge, MA 02141 (East Cambridge area)",Data Scientist,The Centrics Group,110000.0,One of our top clients is looking to add a Data Scientist to their team in Cambridge MA Amazing opportunity! What we have to offer:....
76,Boston,"Boston, MA",Data Engineer,Harnham,160000.0,Work closely with data scientists to design and develop processes to help data science projects on a common data platform....
77,Wilmington,"Wilmington, MA",Data Analyst,US Engineering Technical Services,110000.0,"Data preparation, data visualization and presentation of data. ﻿Solve business related problems using advanced data analysis and data driven technologies...."
78,Cambridge,"Cambridge, MA",Lead Data Scientist,Strategic Employment Partners,150000.0,Mentor and lead a team of Junior Data Scientists. Experience with data modeling as well as data engineering....
79,Boston,"Boston, MA",Machine Learning Scientist,"Human Capital Resource, LLC.",140000.0,"Digest complex data structures, perform statistical data reduction, summarization, normalization and multivariate data analyses and report findings using..."
80,Boston,"Boston, MA",Catastrophe Risk Analyst - Quantitative,Selby Jennings,97500.0,This is for a Portfolio Analyst with one of the world’s largest asset managers - dedicated to natural catastrophe and weather related risk. Responsibilities
81,Boston,"Boston, MA",Quantitative Analyst or Manager Decision Sciences,Analytic Recruiting,110000.0,Analyst or Manager will leverage data assets to optimize profitability and improve consumer and small banking customer experience....
82,Boston,"Boston, MA",Senior Machine Learning Engineer,Workbridge Associates,140000.0,"Experience with data manipulation:. Big Data experience such as Hadoop, Spark, Scala, or Cassandra. One of the most successful and industry leading company has..."
83,Maynard,"Maynard, MA",Laboratory Technician I,Commonwealth of Massachusetts,42421.5,Grade at the Forensic Scientist II or higher. Procedures to provide data for use in research or scientific experiments;...
84,Boston,"Boston, MA",Biostatistician / Bioinformatician,"Human Capital Resource, LLC.",140000.0,"It begins with the raw sequence data and results in comprehensive variant calls, tumor-specific calls, and variant annotations along with raw BAM file data..."
85,Boston,"Boston, MA",VP Engineering Machine Learning,"DTS - NLP, Machine Learning",200000.0,"NLP, machine learning, data analytics:. Understanding of NLP, machine learning, data analytics, and expert systems*...."
86,Boston,"Boston, MA",Assistant Director¸ Predictive Modeling,Liberty Mutual,134950.0,Work with data scientists with a broad range of analytical expertise and claims subject matter experts to deliver data products and provide business insights...
87,Cambridge,"Cambridge, MA","Data Engineer - Big Data Services, AWS",The Bivium Group,125000.0,"Company is seeking a new Data Engineer with strong data cloud services (EC2, AWS APIs) and restful services -- experience with data storage and retrieval..."
88,Cambridge,"Cambridge, MA 02138 (West Cambridge area)",Grants Administrator (Foundations),Union of Concerned Scientists,52000.0,The Union of Concerned Scientists (UCS) is an independent national nonprofit whose scientists and engineers work to solve some of our planet's most pressing...
89,Boston,"Boston, MA 02116 (South End area)",Senior Research Analyst,Fanning Personnel,95000.0,"Work with other members of the firm regarding investment research, analytics, asset allocation, risk and economic data Qualifications :...."
90,Boston,"Boston, MA 02116 (South End area)",Chief Data Scientist,Jobspring Partners,140000.0,A start up in downtown Boston in the Ad-tech industry is looking to hire their first Chief Data Scientist. 5+ years of experience in Data Science....
91,Boston,"Boston, MA",Senior Software Developer,Liberty Mutual,112750.0,Familiarity with statistical modeling and advanced data analytics. You’ll have the opportunity to work in an Agile environment to collaborate closely with other...
92,Malden,"Malden, MA","Director of Science, Technology, Engineering and Mathematics...",Commonwealth of Massachusetts,81867.5,ESE seeks an individual who has deep knowledge and understanding of STEM and the development of children as scientists and mathematicians;...
93,Boston,"Boston, MA",Research Data Analyst,Commonwealth of Massachusetts,78928.5,"Record of working with multiple data sources and combining data in multiple formats; Utilize multi-source data in collaboration with contractors, develop..."
94,Cambridge,"Cambridge, MA","Data Scientist - healthcare, hacking coding skills",The Bivium Group,115000.0, Willingness to engage in necessary data fussing.  Will develop solutions that read large volumes of data and produce insights in real time....
95,Hopkinton,"Hopkinton, MA 01748",Research Scientist\Senior Research Scientist – Commercial In...,Liberty Mutual,116000.0,"Familiarity with DBMS Languages, Data Profiling, Data Design & Architecture. Comfortable in manipulating and analyzing complex, high-volume, high-dimensionality..."
96,Boston,"Boston, MA",Part-time JDAI Research Analyst,Commonwealth of Massachusetts,64942.0,"Experience with data collection, data analysis, and. And data findings. Of accurate system data. Collect data from myriad sources...."
97,Boston,"Boston, MA 02116 (South End area)",Lead Data Scientist,Jobspring Partners,140000.0,5+ years’ experience with data analyzing. A leading company in the Ad Tech business located in downtown Boston is looking for a Lead Data Scientist paying up to...
98,Boston,"Boston, MA",Quantitative Research Analyst,Execu | Search,130000.0,"Experience working with equity data, programming complex research experiments, and developing mathematical models...."
99,Cambridge,"Cambridge, MA",Machine Learning Engineer,Neurable,105000.0,"Experience working with real-time data, large datasets, brain-computer Interface, and/or EEG data is preferred...."
100,Cambridge,"Cambridge, MA","Front-End Developer, new web products and apps, learn mobile",The Bivium Group,107500.0,Jamie is a top ranked technical recruiter in Boston with 70+ Recommendations on LinkedIn that has been expertly recruiting and placing Software Engineers and...
101,Boston,"Boston, MA",Practice Leader for Management Consulting in Pharma Clinical...,BIG 6 Search International,212500.0,"Many in the practice are former pharma / life sciences R&D scientists, innovators, PhDâ€™s, data analytics professionals, and alla re experienced management..."
102,Boston,"Boston, MA","Software Engineer - C, Linux - BIG Compensation",The Bivium Group,125000.0,Jamie is a top ranked technical recruiter in Boston with 75+ Recommendations on LinkedIn that has been expertly recruiting and placing Software Engineers and...
103,Boston,"Boston, MA 02116 (South End area)",Back End Java Developer,Jobspring Partners,120000.0,"Work closely with energy scientists, data scientist, front end developers and product managers. Clean energy company located in downtown Boston is hiring for a..."
104,Los Angeles,"Los Angeles, CA","MEDICAL TECHNOLOGIST, DATA SYSTEMS",Los Angeles County Department of Human Resources,88765.0,Develops and documents the backup procedure to assure a continuing flow of essential laboratory data in case breakdown of data systems....
105,Los Angeles,"Los Angeles, CA","RESEARCH ANALYST II, BEHAVIORAL SCIENCES",Los Angeles County Department of Human Resources,64213.0,"Research experience working with Statistical Analysis Software (SAS) package, Microsoft ACCESS, and Microsoft Excel to import/export, manage large data sets..."
106,Chatsworth,"Chatsworth, CA 91311",Research Analyst,Phillips Graduate University,55000.0,Demonstrated aptitude for data extraction from Jenzabar using InfoMaker. Provide technical assistance and data to program chairs for student learning assessment...
107,Los Angeles,"Los Angeles, CA","RESEARCH ANALYST I, BEHAVIORAL SCIENCES/SPANISH",Los Angeles County Human Resources,56072.0,Assists in constructing codes for the machine processing of research data. Prepares tabular and graphic presentations of raw and analyzed data....
108,Los Angeles,"Los Angeles, CA",HUMAN RESOURCES ANALYST IV - Test Research,Los Angeles County Department of Human Resources,104708.5,"An in-person proctored written test measuring written expression, data analysis & decision-making/mathematics, and reading comprehension...."
109,Los Angeles,"Los Angeles, CA","RESEARCH ANALYST I, BEHAVIORAL SCIENCES/SPANISH",Los Angeles County Department of Human Resources,56072.0,Assists in constructing codes for the machine processing of research data. Prepares tabular and graphic presentations of raw and analyzed data....
110,Los Angeles,"Los Angeles, CA",Senior Research Analyst,Tessie Cleveland Community Service Corporation,56000.0,Technical Skills in Data Collection/Analysis and Database Management/Development. The Research and Evaluation Department at TCCSC is seeking a Senior Analyst to...
111,Los Angeles,"Los Angeles, CA",Quantitative Analyst - Multiple Vacancies,Selby Jennings,120000.0,A Top Tier Investment Bank is looking for an experienced risk quant to join their Global Analytics team. This person will be Responsible for independently
112,Los Angeles,"Los Angeles, CA 90046",Sr. Data Science Manager,Soothe,125000.0,"Lead a team of talented Data Scientists in developing high-quality, robust predictive algorithms. The Senior Manager of Data Science will lead Soothe’s Data..."
113,Los Angeles,"Los Angeles, CA","CHIEF RESEARCH ANALYST, BEHAVIORAL SCIENCES",Los Angeles County Human Resources,84495.5,Research experience working with quantifying survey data reliability in sampling size determination for health-related data collection....
114,Santa Monica,"Santa Monica, CA 90404",Director of Data,Career Movement,185000.0,"ResponsibilitiesImplement and lead continuous improvement to the company’s data strategy and architectureLead data engineering activities, including requirement..."
115,Los Angeles,"Los Angeles, CA","CHIEF RESEARCH ANALYST, BEHAVIORAL SCIENCES",Los Angeles County Department of Human Resources,84495.5,Research experience working with quantifying survey data reliability in sampling size determination for health-related data collection....
116,Los Angeles,"Los Angeles, CA",Senior Java Developer,LT,180000.0,"Our data team consists of two data analysts and three data scientists. My client a leading mobile application company located in Los Angeles, CA is looking for..."
117,Pasadena,"Pasadena, CA",LC/MS Clinical Laboratory Scientist,Lighthouse Recruiting,95000.0,"Join our Medical Laboratory Scientists Groups:. And also performing quantitative analysis, data review and certifying and releasing results...."
118,Los Angeles,"Los Angeles, CA",Director of Research and Data Analysis for the Board of Educ...,Los Angeles Unified School District,94900.0,And Data Analysis for the Board of Education:. A) Your professional experiences gathering various complex data sets....
119,Los Angeles,"Los Angeles, CA",Clinical Laboratory Scientist (CLS),"Exact Staff, Inc.",90000.0,"Current California Clinical Laboratory Scientist license. Maintains accurate department records, reports and statistical data as required...."
120,Los Angeles,"Los Angeles, CA",SENIOR STATISTICAL CLERK,Los Angeles County Human Resources,42566.5,"Compiles pertinent data to verify amounts, totals, and ensure balances. Participates in the coding, sorting, translating, and filing of data for statistical..."
121,Los Angeles,"Los Angeles, CA",SENIOR STATISTICAL CLERK,Los Angeles County Department of Human Resources,42566.5,"Compiles pertinent data to verify amounts, totals, and ensure balances. Participates in the coding, sorting, translating, and filing of data for statistical..."
122,Los Angeles,"Los Angeles, CA",SDET Engineer,LT,200000.0,Our data team consists of two data analysts and two data scientists. My client a leading mobile application company located right here in the beautiful Los...
123,Atlanta,"Atlanta, GA",Mathematical Statistician,Centers for Disease Control and Prevention,101553.5,"And collecting, analyzing, and interpreting scientific data for. Design and develop mathematical statistical models, methods, and/or techniques such as sample..."
124,Atlanta,"Atlanta, GA",Health Scientist,Centers for Disease Control and Prevention,120002.5,"Lead scientists and program consultants in various aspects of the study or survey design process, and other study support duties including analyzing and..."
125,Atlanta,"Atlanta, GA",Health Scientist (Informatics),Centers for Disease Control and Prevention,120002.5,As a Health Scientist (Informatics) you will:. Data and Information Synthesis Use relevant primary and secondary research findings to make action-oriented...
126,Atlanta,"Atlanta, GA",Statistical Data Analyst,Ga. Dept. of Admin. Services,41000.0,Strong data research and analysis skills for the position of Statistical Data. To determine and map source to target data and documents data cleansing rules....
127,Atlanta,"Atlanta, GA",Behavioral Scientist,Centers for Disease Control and Prevention,120002.5,As Behavioral Scientist you will:. Develop metrics and analyze data to assess programmatic processes and outcomes....
128,Atlanta,"Atlanta, GA 30308 (Old Fourth Ward area)",Lead Data Scientist,Stackfolio,80000.0,We are looking for a bright and experienced data scientist that has experience building web-based applications and systems to join our team as an early...
129,Atlanta,"Atlanta, GA 30326 (Buckhead area)",Sr Data Scientist,"eHire, LLC",150000.0,Senior Data Scientist*. A strong understanding of data profiling and data cleansing techniques. The Senior Data Scientist is responsible for collecting data and...
130,Roswell,"Roswell, GA",Senior R&D Statistician,Principle Solutions Group,130000.0,"R&D Statistician to assist with the research and development of new data sources. You will be responsible for the development of new credit models, identifying..."
131,Norcross,"Norcross, GA",Business Research Analyst - Entry Level,CI Radar,31000.0,Who We Are CI Radar is the premier provider of competitive intelligence services for B2B (business to business) companies. We help both startups and Fortune
132,Atlanta,"Atlanta, GA",Lead Quantitative Analyst,SearchBankingJobs,177500.0,"The client is looking for talented individuals who love data, love solving business problems, and want to see their recommendations in action...."
133,Atlanta,"Atlanta, GA 30341",Associate Research Analyst,CSTE,51706.0,"Skills with developing and presenting epidemiologic data; For more than six decades, the Council of State and Territorial Epidemiologists (CSTE) and the Centers..."
134,Atlanta,"Atlanta, GA",Epidemiologist,Centers for Disease Control and Prevention,101553.5,Assessment of the adequacy and quality of data used in the analyses; Participate in the synthesis of social science and epidemiologic data to be applied toward...
136,Atlanta,"Atlanta, GA","Scientist, Med Imag Analysis",Emory University,69900.0,"The Medical Image Analysis Scientist, works with Emory Radiology & Imaging Sciences faculty to help develop image analysis and image understanding algorithms..."
137,Norcross,"Norcross, GA 30092",Data Scientist (Data Science R&D),CareerBuilder,10000.0,"Data Scientist (Data Science R&D). The Data Science R&D team is composed of Data Scientists with expertise in areas such as Machine Learning, Applied Statistics..."
138,Atlanta,"Atlanta, GA",Market Research & Sales Analyst,Interesse International Inc,65000.0,Estimate numerical data; Must see through the data and analyze data to find conclusion; Works with large amounts of data:....
139,Atlanta,"Atlanta, GA",Sponsored Research Financial Analyst,Emory University,66700.0,"Responsible for post award processing of grants and contracts in the Office of Grants & Contracts. Provide account management, reconciliation, and resolution"
140,Alpharetta,"Alpharetta, GA",School Business & Human Resources (HR) Manager,Amana Academy Charter School,34999.5,Accounts Receivables - data entry. Invoice data entry once approved. Our intent is to “push down the 4 walls of the school” by taking students out into the...
141,Atlanta,"Atlanta, GA",Audit Snr (Banking) - Data Analysis 60K-80K,Synergy Search Group,80000.0,"Duties will include data conversion from multiple systems into analytical software such as ACL, using data analytical techniques to validate the integrity of..."
142,Smyrna,"Smyrna, GA 30082",Certifying Scientist,Lighthouse Recruiting,62500.0,A growing clinical toxicology laboratory is seeking a Certifying Scientist with strong chromatography skills to perform quantification and data review....
143,New York,"New York, NY",Senior / Director Data Science,Beeswax,147500.0,"A minimum of 5 years experience in Machine learning, large-scale data mining, or applied data science. We’re seeking a senior data scientist in New York City to..."
144,New York,"New York, NY",Chief Data Scientist - Consulting,Harnham,220000.0,Chief Data Scientist - Consulting. Chief Data Scientist | Data Science | Insurance | Management Consulting | Project Management | Statistical Modeling....
145,New York,"New York, NY",Data Scientist - Financial Services,Harnham,150000.0,"Data Scientist - Financial Services. Our client is interested in hiring a Data Scientist, essentially with experience analyzing financial and econometric data..."
146,New York,"New York, NY",Data Scientist,Big Cloud,150000.0,"Are you an experienced, talented and creative Data Scientist who likes solving complex problems? An exciting, innovative company in the heart of New York are..."
147,New York,"New York, NY",Wade & Wendy_Data Scientist/Engineer,Wade & Wendy,100000.0,"Our Data Scientist will integrate data from web sources, real-time adaptive questioning, and human-intelligence, to develop algorithms that create smart..."
149,New York,"New York, NY",Data Scientist,Workbridge Associates,120000.0,"An exciting start up located in the heart of Midtown NYC is looking to hire a full-time Data Scientist, paying up to $135k...."
150,New York,"New York, NY",Data Scientist,VROOM,115000.0,"As one of Vroom’s first data scientists you will be instrumental in establishing a data driven culture across the company, in creating data standards and..."
151,New York,"New York, NY",Quantitative Analyst for Global Quant Fund,Averity,225000.0,Examine and analyze data to increase alpha and decrease risk. Industry leading multi-billion dollar quant fund looking for Analysts that can drive quantitative...
152,New York,"New York, NY",Senior Data Scientist (Media),Averity,150000.0,We are looking for a Senior Data Scientist excited about the thought of heading up our new Data Science group....
153,Long Island City,"Long Island City, NY",Sr. Data Scientist for Global Organization,Averity,100000.0,Data Scientist to join our company's Operational Analytics team. This is an opportunity for an experienced Data Scientist to use your passion for advanced...
154,New York,"New York, NY",Junior Data Scientist (2 Years Experience),Averity,85000.0,"We prefer Data Scientists with a Master's Degree. As an experienced Junior Data Scientist on our team, you will be utilizing your machine learning skills with..."
155,New York,"New York, NY",Quantitative Analyst,StreetID,120000.0,Professional or academic experience working with large/noisy data sets. The emphasis here will be on hiring exceptional talent with a passion for turning...
156,New York,"New York, NY",City Research Scientist II,City of New York,77975.0,"City Research Scientist II. OER also addresses key policy-relevant research questions, with research activities that include statistical analyses of..."
157,New York,"New York, NY 10167 (Midtown area)",Research Scientist - High Frequency Trading,Selby Jennings,212500.0,Research Scientist - High Frequency Trading. An opportunity exists for an exceptional research scientist with a proven track record of cutting edge research...
158,New York,"New York, NY",Data Scientist / Python Developer,"The Hagan-Ricci Group, Inc.",250000.0,New York City financial services firm is seeking an experienced Data Scientist with strong Python development skills to work collaboratively with quants and IT...
159,New York,"New York, NY",Tableau Developer,Averity,80000.0,"As a Tableau Developer in our Data Science team, you will be work in collaboration with our data scientists to help our company maintains its status as the..."
160,New York,"New York, NY 10167 (Midtown area)",C++/Python Algo Developer/Data Scientist,Selby Jennings,135000.0,"Previous knowledge of data structures and standard algorithms. My client, a leading investment bank located in midtown Manhattan, is looking for a strong C++..."
161,New York,"New York, NY 10167 (Midtown area)",FTR Quantitative Risk Analyst,Selby Jennings,135000.0,A top global commodities company is seeking an FTR Quantitative Analyst with specific experience within the power space. This is a great opportunity to work
162,New York,"New York, NY",Quantitative Finance Analyst,FusionFind,150000.0,"Responsible for independently conducting quantitative analytics and complex modeling projects. Leads efforts in development of new models, analytic processes"
163,New York,"New York, NY",Senior Data Scientist for Hedge Fund,Averity,200000.0,"Are you Senior Data Scientist looking to join a Multi-Billion Dollar Hedge Fund? Experience with Big Data Concepts (Hadoop, Spark)...."
164,New York,"New York, NY",Data Scientist for a growing cyber security company located...,Workbridge Associates,125000.0,The data scientist will develop algorithms and analytic solutions to prepare for research and development testing....
165,New York,"New York, NY",REVENUE ANALYST (STATISTICAL/ TIME SERIES ANALYSIS BACKGROUN...,Parker and Lynch,87500.0,Data analysis which includes working with large pools of data and manipulating information to perform analysis for management....
166,New York,"New York, NY 10018 (Clinton area)",Lead Data Engineer,ingenium,200000.0,Lead and manage a team of data engineers and scientists working on firm's data pipeline. Data - Lead Software Engineer....
167,New York,"New York, NY",Data Scientist,Smith Hanley Associates,82500.0,Missing data imputation. Conduct basic research that draws on existing company data to study different aspects of consumer reporting performance and POS data...
168,New York,"New York, NY 10017 (Midtown area)",FinTech Data Analyst / Scientist,Integrated Management Resources,120000.0,"Big Data, Data Analysis. Provide expertise in big data analytics, data mining and regulations surrounding data transport...."
169,New York,"New York, NY",Data Scientist,TW Staffing Solutions,199000.0,"Data Scientist - New York (total compensation $199,000). Obtain a solid fundamental knowledge into Big Data research, gaining high level exposure to multiple..."
170,New York,"New York, NY 10167 (Midtown area)",Quantitative Research – Machine Learning,Selby Jennings,200000.0,"Extract and analyze data from large, complex data sets. Experience manipulating large, complex data sets. Fluency in some selection of programming languages and..."
171,New York,"New York, NY",Modeler/Policy Analyst,NYC Department of Finance,73357.0,"Strong programming, data analysis, statistical sampling and data mining experience. Prepare reports and respond to ad-hoc queries, data and reporting requests...."
172,New York,"New York, NY",Equity Research Analyst - Power & Utilities,Spencer Ogden,115000.0,"Urgently seeking Equity Research Analysts, specifically with Power experience, to work for a Private Equity firm within Power and EnergyTech Industry. More"
173,New York,"New York, NY",Research Analyst,Pro Partners Staffing,80000.0,Collect returns and exposure data for performance attribution and risk analysis. We are seeking a manager research analyst for a full-time position with an...
174,New York,"New York, NY 10167 (Midtown area)",Quantitative Analyst - Credit Risk,Selby Jennings,120000.0,A Top Tier Investment Bank is looking for an experienced risk quant to join their Global Analytics team. This person will be Responsible for independently
175,New York,"New York, NY 10167 (Midtown area)",Hedge Fund Data Scientist,Selby Jennings,150000.0,Senior Data Scientist. A hedge fund with over 11 billion in AUM in NYC is looking for an experienced Data Scientist with an impressive educational background...
176,New York,"New York, NY",Senior Data Scientist,Workbridge Associates,125000.0,This role is for a Senior Data Scientist who has previous leadership experience and is capable of hiring addition Data Scientists as the role grows....
177,New York,"New York, NY 10016 (Gramercy area)",Research Analyst,Green Key Resources,80000.0,"Screen marketplace quality through analysis of data points, analysis of third party reporting and manual checks of publishers and data sources...."
178,New York,"New York, NY 10018 (Clinton area)",Data Scientist,Princeton Consulting,150000.0,Ability to visualize and communicate data science concepts to other team members and the business. With that being said an ideal candidate should have...
179,New York,"New York, NY",Senior Machine Learning Engineer,Workbridge Associates,140000.0,"Experience with data manipulation:. Big Data experience such as Hadoop, Spark, Scala, or Cassandra. One of the most successful and industry leading company has..."
180,New York,"New York, NY 10039 (Harlem area)","Senior Scientist, Upstream Biologics Process Development",Laguna Source,100000.0,"In this role, you will be a key contributor as well as leading Project Teams comprised of dynamic, highly technical Engineers and Scientists...."
181,Brooklyn,"Brooklyn, NY 11223 (Gravesend-Sheepshead Bay area)",Certifying Scientist / Toxicologist,Lighthouse Recruiting,67500.0,"Join our Medical Laboratory Scientists Groups:. Reviews drug confirmation data from the laboratory, compares with the initial screening data for accuracy and..."
182,Long Island City,"Long Island City, NY 11101",Field Researcher,New York City Department of Health and Mental Hygi...,68239.0,"Two years as a City Research Scientist Level I can be substituted for the experience required in ""1"" and ""2"" above...."
183,New York,"New York, NY 10022 (Midtown area)",Quantitative Analyst (Fundamental Quant Equities) - Hedge Fu...,Datacom Technology Group,200000.0,"Should have experience conducting empirical research and working with large fundamental data sets. Will analyze and interpret relevant data, use valuation..."
184,New York,"New York, NY",Lead / Senior Data Scientist for Digital Media Company,Averity,175000.0,"Are you a Senior Data Scientist looking to lead and grow our company's newly formed Data Science team? As a Senior / Lead Data Scientist, you will be leading..."
185,Brooklyn,"Brooklyn, NY 11236 (Canarsie area)","Director of Data Analysis, DCP",New York City Department of Education .,71764.0,Ensure data integrity in reporting. The Director of Data Analysis will report to the DCP Chief of Staff and assume responsibility for managing the data...
186,New York,"New York, NY",Lead Data Scientist,Net-Consultants,160000.0,"Guide junior data scientists in aggregating and exploring applicant data to test statistical hypotheses. Our client, a small, early stage, high growth company..."
187,New York,"New York, NY 10167 (Midtown area)",Data Scientist Hedge Fund New York,Selby Jennings,157500.0,Data Scientist/Data Engineer. A well established hedge fund in New York City is looking to bring on a talented data scientist to their data team....
188,New York,"New York, NY",Executive Director of Data Engineering (Media),Averity,215000.0,"Enabling our Data Scientists to create products easier with our data. First and foremost, as the Executive Director of Data Engineering, you will be leading our..."
189,New York,"New York, NY 10167 (Midtown area)",VP of Data Science & Analytics,Selby Jennings,175000.0,VP Data Science & Analytics. This highly collaborative Adtech firm is seeking a seasoned Data Science business leader to oversee a team of over 10 Analysts and...
190,New York,"New York, NY",Senior Research Worker - Endocrinology,Columbia University,,"The incumbent is also expected to assist in data collection. In addition, the incumbent will perform the necessary quality controls to monitor the material..."
191,New York,"New York, NY",Executive Director of Data Engineering,Averity,215000.0,"Enabling our Data Scientists to create products easier with our data. First and foremost, as the Executive Director of Data Engineering, you will be leading our..."
192,New York,"New York, NY","Data Scientist - Text Analytics - SQL, R, SAS",Geode Executive Search,200000.0,"Data Scientist - Text Analytics - SQL, R, SAS*. The ~600 person company has a relatively new Data Analytics department, which has the responsibility of..."
193,New York,"New York, NY",Senior Research Staff Assistant,Columbia University,50000.0,"Work with scientists to conduct quality control, integrate and interpret data. Process and analyze airborne geophysical data including potential field data...."
194,Long Island City,"Long Island City, NY 11101",Senior Analyst (Biostatistician or Epidemiologist),New York City Department of Health and Mental Hygi...,88331.0,"-Experience with inferential statistical analyses, publishing peer-reviewed articles, study design, data manipulation, surveillance/health data, and grant..."
195,New York,"New York, NY",climate scientist,Research Foundation of The City University of New...,61500.0,"Experience with data analysis and statistical software, such as R, IDL, Matlab, etc. Experience in analysis of climate data and GCM/RCM output for developing..."
196,New York,"New York, NY","Director, Data Scientist Modeler",Harnham,180000.0,"Director, Data Scientist Modeler. Essentially as a Data Scientist Modeler -Director and senior professional, you will always be required to solve challenging..."
197,New York,"New York, NY",Senior Data Scientist for Humanitarian Organization,Averity,127500.0,Are you a Senior Data Scientist who is passionate about big data and looking to make a real difference in the word?...
198,New York,"New York, NY 10065 (Upper East Side area)",Blood Bank QC Technologist,Lighthouse Recruiting,58000.0,Join our Medical Laboratory Scientists Groups:. This position will perform hematological pre and post testing on specimens received from the collection sites...
199,New York,"New York, NY 10016 (Gramercy area)",Senior Data Scientist for Fortune 500 Company,Averity,107500.0,"As a Data Scientist, you will be proficient in SAS and SQL and will utilize your big data and predictive modeling skills to analyze and interpret massive..."
200,New York,"New York, NY",Senior Technician - CLM,Columbia University,,He/she will be responsible for maintaining all data in an organized fashion and managing supplies for the lab....
201,New York,"New York, NY",Research Staff Assistant,Columbia University,40480.0,"Processes, organizes and summarizes data, reporting experiment results using a variety of scientific, word processing, spreadsheet or statistical software..."
202,New York,"New York, NY",Big Data Analytics Engineer,Averity,100000.0,"As a Data Engineer in our Data Engineering team, you will be work in collaboration with other data engineers and data scientists to help our company maintains..."
203,New York,"New York, NY 10167 (Midtown area)",VP Data Scientist,Selby Jennings,175000.0,VP Data Scientist. A top investment bank in New York City is looking for a VP-level Data Scientist to join their Data Science Division....
204,New York,"New York, NY",Health Scientist,Centers for Disease Control and Prevention,117437.5,Analyze scientific investigation data. The Centers for Disease Control and Prevention (CDC) is the agency Americans trust with their lives....
205,New York,"New York, NY 10016 (Gramercy area)",Quantitative Analyst,Green Key Resources,195000.0,"Qualifications Masters in Mathematics, Physics or Quantitative Finance 7+ years of relevant experience in Risk, Modelling or related industry Attention to"
206,New York,"New York, NY",Big Data Engineer,Harnham,110000.0,You will join the data engineering team and work closely with the data scientists as well. Big Data Engineer....
207,New York,"New York, NY 10167 (Midtown area)",Senior Equity Research Analyst,Selby Jennings,175000.0,Senior Equity Research Analyst The firm is expanding their Equity Research department and looking for highly experienced Sell Side Equity Research Analysts
208,New York,"New York, NY 10167 (Midtown area)",Catastrophe Risk Analyst - Quantitative,Selby Jennings,97500.0,This is for a Portfolio Analyst with one of the world’s largest asset managers - dedicated to natural catastrophe and weather related risk. Responsibilities
209,New York,"New York, NY",Sr. Quantitative Finance Analyst,Next Generation Recruitment & Staffing Agency,160000.0,"Our client, a leader financial institution Bank of America, is seeking a Sr. Quantitative Finance Analyst in NEW YORK, New York. Job description Responsible"
210,New York,"New York, NY","Analyst, Strategy & Insights – Custom Research - copy",Univision communications inc,55000.0,"Infographics, visual data representation skills a plus. Comfortable working with large data files and cross tabs...."
211,New York,"New York, NY",Quantitative Business Analyst,JEG Search,60000.0,The ideal candidate would have business analysis skills honed in a consulting or technology company where data analysis is a core activity....
212,New York,"New York, NY",Research Analyst,Investment Management Services,65000.0,Responsibilities: The candidate will assist the partners in all aspects of investment research. This includes: • ; Performing regular portfolio reviews
213,New York,"New York, NY",Data Scientist,Talon,120000.0,Our client is looking for a highly driven and experienced Data Scientist to join our team in building out the core ranking and recommendation algorithms in our...
214,New York,"New York, NY",Director of Data Science - Remote Role,Workbridge Associates,165000.0,"Experience with Python, R, Machine Learning with a Data Scientist background. Hands on experience with Big Data Tools(Spark) and latest technologies...."
215,New York,"New York, NY",Business Analyst - Supply,VROOM,120000.0,Work with our Data Scientists to develop proactive acquisition models and machine learning algorithms to identify supply and demand....
216,Orangeburg,"Orangeburg, NY","Research Scientist 5 - part time, Nathan Kline Research Inst...","Mental Health, Office of",26143.0,"This person will lead grant writing efforts to secure federal, private, and government funding for robust research and evaluation, manuscript development, and..."
217,New York,"New York, NY",Technician B - Nephrology,Columbia University,,The technician will also analyze DNA and RNA sequence data and will gain exposure to analysis and validation of Next-Generation Sequencing data....
218,New York,"New York, NY",Big Data Analytics Engineer/ ETL Developer,Averity,105000.0,"As a Data Engineer in our Data Engineering team, you will be work in collaboration with other data engineers and data scientists to help our company maintains..."
219,New York,"New York, NY 10167 (Midtown area)",VP Data Science | Top Bank,Selby Jennings,177500.0,VP Data Scientist. A leading bank is looking for experienced VP-level Data Scientists to join a new and innovative data science group in their NYC headquarters....
220,New York,"New York, NY","Manager, Business Development Operations",AiCure,80000.0,"You'll work with Scientists, Engineers, Designers, and Medical Doctors, to create innovative products that scale in an environment that encourages learning,..."
221,New York,"New York, NY",VP of Data,Harnham,190000.0,VP of Data. The data team's mission is to provide the highest level of service to the community through analysing and researching all aspects of data and...
222,New York,"New York, NY 10016 (Gramercy area)",Data Analysis Specialist,Green Key Resources,195000.0,7+ years of relevant Data Governance experience. Contribute to the overall data governance strategy to ensure the meta data developed and composed supports the...
223,New York,"New York, NY 10167 (Midtown area)",Senior Quantitative Risk Analyst,Selby Jennings,200000.0,"Multinational Tier 1 Bank is looking to add to their Risk Modelling Group. In this role, you will be responsible for independently handling in-depth modelling"
224,New York,"New York, NY",Lead Data Scientist (New Jersey),Averity,140000.0,We are hiring a Lead Data Scientist for our growing Data Science team here at one of the world's largest and most respected companies....
